c_name,c_password,c_email,c_tel
호잉,java,hoying@gmail.com,010-1004-2004
정우람,java,wrjung57@naver.com,010-3333-2345
정근우,java,kwjung8@hanmail.com,010-4444-3333
이태양,java,sunlee22@yahoo.co.kr,010-5555-3333
이용규,java,yklee15@gmail.com,010-4334-3333
이성열,java,sylee50@naver.com,010-4444-2223
송은범,java,ebsong46@ezen.com,010-2345-2345
송광민,java,gmsong7@ezen.com,010-4567-7890
박재홍,java,jhpark62@gmail.com,010-4563-3456
김회성,java,hskim24@naver.com,010-2345-6798
김태균,java,tkkim52@naver.com,010-2345-1234
김민하,java,mhkim39@ezen.com,010-4567-4567
김민기,java,mkkim5@naver.com,010-3345-2234
